/albums /music 302
/articles/2016-09-09-the-power-of-camping /articles/the-power-of-camping  301
/articles/2017-12-15-our-culture-of-abusive-men /articles/our-culture-of-abusive-men  301
/articles/2017-12-20-why-is-awaited-going-away  /articles/why-is-awaited-going-away 301
/articles/2017-12-21-make-christmas-weird-again /articles/make-christmas-weird-again  301
/articles/2017-12-21-why-you-cried-at-wonder  /articles/why-you-cried-at-wonder 301
/articles/2017-12-23-chains-and-christmas /articles/chains-and-christmas  301
/articles/2017-12-23-good-ambition-is-a-good-thing  /articles/good-ambition-is-a-good-thing 301
/articles/2017-12-30-new-year-new-you-no-nudes  /articles/new-year-new-you-no-nudes 301
/articles/2018-01-09-dont-be-a-politician-at-home /articles/dont-be-a-politician-at-home  301
/articles/2018-01-16-be-true-to-yourself-is-a-sham  /articles/be-true-to-yourself-is-a-sham 301
/articles/2018-01-16-how-to-be-more-human-and-less-jerk /articles/how-to-be-more-human-and-less-jerk  301
/articles/2018-01-17-wash-the-sheets-skip-the-advice  /articles/wash-the-sheets-skip-the-advice 301
/articles/2018-01-19-i-totally-hear-you-but-you're-wrong  /articles/i-totally-hear-you-but-you're-wrong 301
/articles/2018-01-20-hidden-figures-hidden-power  /articles/hidden-figures-hidden-power 301
/articles/2018-01-29-why-i-chose-censorship /articles/why-i-chose-censorship  301
/articles/2018-01-30-what-7-665-diapers-taught-me /articles/what-7-665-diapers-taught-me  301
/articles/2018-02-27-a-usd20-000-lesson-in-being-loved-by-god /articles/a-usd20-000-lesson-in-being-loved-by-god  301
/articles/2018-03-01-i-got-99-problems-and-generosity-is-one  /articles/i-got-99-problems-and-generosity-is-one 301
/articles/2018-03-14-man-camp-courage-to-carry-on /articles/man-camp-courage-to-carry-on  301
/articles/2018-03-15-man-camp-the-courage-to-be-me  /articles/man-camp-the-courage-to-be-me 301
/articles/2018-03-15-man-camp-the-courage-to-trust  /articles/man-camp-the-courage-to-trust 301
/articles/2018-03-18-my-hope-for-my-financial-future  /articles/my-hope-for-my-financial-future 301
/articles/2018-03-20-money-can-buy-you-love /articles/money-can-buy-you-love  301
/articles/2018-04-09-the-bible-drives-me-crazy-how-about-you  /articles/the-bible-drives-me-crazy-how-about-you 301
/articles/2018-04-18-all-the-stuff-the-bible-forgot-to-mention  /articles/all-the-stuff-the-bible-forgot-to-mention 301
/articles/2018-04-18-its-complicated-four-tips-for-reading-the-bible  /articles/its-complicated-four-tips-for-reading-the-bible 301
/articles/2018-04-25-hey-gq-stay-in-your-lane /articles/hey-gq-stay-in-your-lane  301
/articles/2018-04-26-how-a-hooker-and-her-lies-pleased-god  /articles/how-a-hooker-and-her-lies-pleased-god 301
/articles/2018-04-26-schoolhouse-rock-bible-edition /articles/schoolhouse-rock-bible-edition  301
/episodes /podcasts 302
/media/5780/* /songs/i-am-here-song-from-a-father 302
/media/5781/* /songs/not-my-clothes 302
/media/5782/* /songs/the-world-out-there 302
/media/5783/* /songs/to-be-free 302
/media/5784/* /songs/tell-me-who-i-am 302
/media/5785/* /songs/up-with-love 302
/media/5786/* /songs/adventure 302
/media/5787/* /songs/seek 302
/media/5788/* /songs/this-is 302
/media/5789/* /songs/a-love-song 302
/media/5790/* /songs/joyful-joyful 302
/media/5791/* /songs/all-creatures 302
/media/5792/* /songs/your-love 302
/media/5793/* /songs/run 302
/media/5794/* /songs/the-drive-series-music 302
/media/5795/* /songs/i-seek-freedom 302
/media/5796/* /songs/clearly 302
/media/5797/* /songs/great-is-his-faithfulness 302
/media/5798/* /songs/greedy-little-hands 302
/media/5799/* /songs/won-t-you-come 302
/media/5800/* /songs/treasures 302
/media/5801/* /songs/consumed-series-music 302
/media/5802/* /songs/consumed-prayer-audio 302
/media/5803/* /songs/pride-series-music 302
/media/5805/* /songs/unlock-ed-series-music 302
/media/5806/* /songs/gimme-gimme-series-music 302
/media/5807/* /songs/rebuild-series-music 302
/media/5808/* /songs/core-strength-series-music 302
/media/5809/* /songs/rebuild 302
/media/5810/* /songs/reveal-yourself 302
/media/5811/* /songs/you-want-me-to-surrender 302
/media/5812/* /songs/you-were-the-one 302
/media/5813/* /songs/filled-series-music 302
/media/5814/* /songs/easy-as-abc 302
/media/5815/* /songs/thirsty 302
/media/5816/* /songs/lost-in-the-downpour 302
/media/5817/* /songs/last-wednesday-song 302
/media/5818/* /songs/i-love-my-city 302
/media/5819/* /songs/cry-out 302
/media/5820/* /songs/this-is-what-it-feels-like 302
/media/5821/* /songs/layers 302
/media/5822/* /songs/released 302
/media/5823/* /songs/god-s-pleasure 302
/media/5824/* /songs/freedom-rings 302
/media/5825/* /songs/when-freedom-comes 302
/media/5826/* /songs/before-the-throne 302
/media/5827/* /songs/the-wonder-of-it-all 302
/media/5828/* /songs/come-thou-fount 302
/media/5829/* /songs/how-deep-the-father-s-love 302
/media/5830/* /songs/rock-of-ages 302
/media/5831/* /songs/be-thou-my-vision 302
/media/5832/* /songs/listen 302
/media/5833/* /songs/live-for-love 302
/media/5834/* /songs/my-name-is-beauty 302
/media/5835/* /songs/garden-7ClM1WoIkEucms2C0ee24I 302
/media/5836/* /songs/holy 302
/media/5837/* /songs/the-lamb 302
/media/5838/* /songs/be-strong 302
/media/5839/* /songs/love-crashed-into-the-world 302
/media/5840/* /songs/garden 302
/media/5841/* /songs/o-come-emmanuel 302
/media/5842/* /songs/mary-and-joseph-this-changes-everything 302
/media/5843/* /songs/we-three-kings 302
/media/5844/* /songs/o-little-town-of-bethlehem 302
/media/5845/* /songs/baby-love-reprise 302
/media/5846/* /songs/silent-night 302
/media/5847/* /songs/o-come-all-ye-faithful 302
/media/5848/* /songs/holy-night 302
/media/5849/* /songs/joy-to-the-world 302
/media/5850/* /songs/captain 302
/media/5851/* /songs/love-will-meet-us-here-acoustic-demo 302
/media/5852/* /songs/love-will-meet-us-here-full-version 302
/media/5853/* /songs/deeper-live 302
/media/5854/* /songs/psalm-31-live 302
/media/5855/* /songs/amazing-grace 302
/media/5856/* /songs/all-creatures-of-our-god-and-king 302
/media/5857/* /songs/it-is-well-with-my-soul 302
/media/5858/* /songs/be-thou-my-vision-5geaxWWFIsEKMIYAyEE8I2 302
/media/5859/* /songs/chilled-bones-acoustic-demo 302
/media/5860/* /songs/you-will 302
/media/5861/* /songs/rise-up 302
/media/5862/* /songs/oh-the-wonders-i-ve-seen 302
/media/5864/* /songs/seek-the-lord 302
/media/5865/* /songs/receive-experience 302
/media/5866/* /songs/teach-us-truth 302
/media/5867/* /songs/wherever-you-go 302
/media/5868/* /songs/whatever-pleases-you 302
/media/5916/* /songs/whatever-pleases-you-album-coming-soon 302
/media/5994/* /songs/nothing-but-the-blood 302
/media/5995/* /songs/good-good-father 302
/media/5996/* /songs/break-every-chain 302
/media/5997/* /songs/heaven-fall-down 302
/media/5998/* /songs/whatever-pleases-you-army-version 302
/media/6041/* /videos/i-am-meet-jamar 302
/media/6042/* /videos/go-somewhere 302
/media/6043/* /videos/i-am-___-trailer 302
/media/6044/* /videos/why-the-i-am-journey 302
/media/6045/* /videos/i-am-meet-mollie 302
/media/6048/* /videos/i-am-week-3-opening 302
/media/6049/* /videos/come-close 302
/media/6050/* /videos/but-who-am-i 302
/media/6055/* /videos/great-are-you-lord 302
/media/6056/* /videos/i-am-meet-michelle 302
/media/6060/* /videos/the-river 302
/media/6061/* /videos/i-am-meet-vince 302
/media/6065/* /videos/focus 302
/media/6066/* /videos/beyond-trailer 302
/media/6067/* /videos/our-vision-for-groups 302
/media/6076/* /videos/ignite-trailer 302
/media/6077/* /videos/dry-bones 302
/media/6078/* /songs/land-of-darkness 302
/media/6079/* /songs/redemption-song 302
/media/6080/* /songs/anybody-else 302
/media/6081/* /videos/margin-trailer 302
/media/6088/* /videos/i-m-in-progress-at-crossroads-east-side-and-west-side 302
/media/6089/* /videos/i-m-in-progress-at-base-camp 302
/media/6090/* /videos/i-m-in-progress-at-citylink-center 302
/media/6092/* /videos/brian-tome-addresses-crossroads-anywhere 302
/media/6093/* /videos/crossroads-connect-matt-welty 302
/media/6096/* /videos/compassion-weekend-recap 302
/media/6097/* /videos/fear-is-a-liar-trailer 302
/media/6102/* /videos/fear-is-a-liar-jessica-s-story 302
/media/6103/* /videos/woman-camp-recap 302
/media/6104/* /videos/fear-is-a-liar-benn-s-story 302
/media/6111/* /videos/fear-is-a-liar-courtney-s-story 302
/media/6112/* /videos/spark-new-ideas-to-ignite-your-life-trailer 302
/media/6113/* /videos/crossroads-connect-brian-tome 302
/media/6122/* /videos/go-india-the-best-week-of-their-lives 302
/media/6125/* /videos/spark-stories-keith-the-artist 302
/media / 302
/media/* / 302
/message/2822/* /series/love-sex/the-twist 302
/message/2823/* /series/love-sex/the-story 302
/message/2824/* /series/seek/tools 302
/message/2825/* /series/seek/relate-relating-to-god 302
/message/2826/* /series/seek/look-asking-questions 302
/message/2827/* /series/seek/find-destination 302
/message/2828/* /series/fuel/surrender 302
/message/2829/* /series/fuel/reconciliation 302
/message/2830/* /series/fuel/giant-killers 302
/message/2831/* /series/fuel/heroes-32ho1T6WyQKk24c8yKKaWI 302
/message/2832/* /series/fuel/god-s-love 302
/message/2833/* /series/fuel/power 302
/message/2834/* /series/fuel/desert 302
/message/2835/* /series/fuel/what-drives-you 302
/message/2836/* /series/go-home/go-global 302
/message/2837/* /series/go-home/go-small 302
/message/2838/* /series/go-home/go-local 302
/message/2839/* /series/go-home/go-crazy 302
/message/2840/* /series/go-home/go-home 302
/message/2841/* /series/ghost/product 302
/message/2842/* /series/ghost/promise 302
/message/2843/* /series/ghost/portion 302
/message/2844/* /series/ghost/person 302
/message/2845/* /series/ghost/power-11WX6r7eFy0A4AUAaAgao6 302
/message/2846/* /series/kingdom/kingdom-debrief 302
/message/2847/* /series/kingdom/reflect 302
/message/2848/* /series/kingdom/advance 302
/message/2849/* /series/kingdom/forgive 302
/message/2850/* /series/kingdom/receive 302
/message/2851/* /series/kingdom/contrast 302
/message/2852/* /series/kingdom/recognize 302
/message/2853/* /series/morph/hardest-work-of-morph 302
/message/2854/* /series/morph/phases-of-morph 302
/message/2855/* /series/morph/a-place-of-morph 302
/message/2856/* /series/morph/the-meaning-of-morph 302
/message/2857/* /series/morph/why-morph 302
/message/2858/* /series/morph/a-story-of-morph 302
/message/2859/* /series/home-for-the-holidays/your-kids 302
/message/2860/* /series/home-for-the-holidays/your-parents 302
/message/2861/* /series/home-for-the-holidays/your-spouse 302
/message/2862/* /series/the-joneses/secret-rash 302
/message/2863/* /series/the-joneses/guarded-stash 302
/message/2864/* /series/the-joneses/fatter-cash 302
/message/2865/* /series/the-joneses/greener-grass 302
/message/2866/* /series/freedom/transmission 302
/message/2867/* /series/freedom/amplification 302
/message/2868/* /series/freedom/reception 302
/message/2869/* /series/wisdom/how-3AmmluxlJe0cQsMCm2oOui 302
/message/2870/* /series/wisdom/when 302
/message/2871/* /series/wisdom/who 302
/message/2872/* /series/wisdom/what 302
/message/2873/* /series/hard-wired/reconnect 302
/message/2874/* /series/hard-wired/make-the-connection 302
/message/2875/* /series/hard-wired/disconnected-thinking 302
/message/2876/* /series/hard-wired/disconnected-living 302
/message/2877/* /series/hard-wired/you-are-connected 302
/message/2878/* /series/hard-work/following-through 302
/message/2879/* /series/hard-work/relational-growth 302
/message/2880/* /series/hard-work/dreams 302
/message/2881/* /series/hard-work/relational-intelligence 302
/message/2882/* /series/hard-work/decision-making 302
/message/2883/* /series/hard-work/repentance 302
/message/2884/* /series/hard-work/healing 302
/message/2885/* /series/da-vinci-dialogues/part-3 302
/message/2886/* /series/da-vinci-dialogues/da-vinci-dialog-pt-2 302
/message/2887/* /series/da-vinci-dialogues/q-a-with-greg-boyd 302
/message/2888/* /series/da-vinci-dialogues/da-vinci-dialog-pt-1 302
/message/2893/* /series/id/group-id 302
/message/2894/* /series/id/re-new-id 302
/message/2895/* /series/id/new-id 302
/message/2896/* /series/10th-anniversary/10th-anniversary-celebration 302
/message/2897/* /series/id/free-id 302
/message/2898/* /series/id/id-theft 302
/message/2899/* /series/id/fake-id 302
/message/2900/* /series/full-contact-life/living 302
/message/2901/* /series/full-contact-life/giving 302
/message/2902/* /series/full-contact-life/spending 302
/message/2903/* /series/full-contact-life/winning 302
/message/2904/* /series/full-contact-life/friendship 302
/message/2905/* /series/full-contact-life/failure 302
/message/2906/* /series/full-contact-life/dreaming 302
/message/2907/* /series/full-contact-life/learning 302
/message/2908/* /series/an-unexpected-interruption-of-scandalous-love/celebration-from-sacrifice 302
/message/2909/* /series/an-unexpected-interruption-of-scandalous-love/terrestrial-from-celestrial 302
/message/2910/* /series/an-unexpected-interruption-of-scandalous-love/peace-from-turmoil 302
/message/2911/* /series/an-unexpected-interruption-of-scandalous-love/greatness-from-lessness 302
/message/2912/* /series/death-of-religion/what-s-next 302
/message/2913/* /series/death-of-religion/what-thrives 302
/message/2914/* /series/death-of-religion/what-dies 302
/message/2915/* /series/death-of-religion/what-s-the-problem 302
/message/2916/* /series/room-to-breathe/fresh-air 302
/message/2917/* /series/room-to-breathe/breathe-right 302
/message/2918/* /series/room-to-breathe/coming-up-for-air 302
/message/2919/* /series/room-to-breathe/suffocation 302
/message/2920/* /series/sex-what-s-the-big-deal/xxx-church 302
/message/2921/* /series/sex-what-s-the-big-deal/real-life-sex 302
/message/2922/* /series/sex-what-s-the-big-deal/what-s-the-big-deal 302
/message/2923/* /series/sex-what-s-the-big-deal/why-god-wants-your-sex 302
/message/2924/* /series/elements/element-005 302
/message/2925/* /series/elements/element-004 302
/message/2926/* /series/elements/element-003 302
/message/2927/* /series/elements/element-002 302
/message/2928/* /series/elements/element-001 302
/message/2929/* /series/special-effects/all-comfort 302
/message/2930/* /series/special-effects/growing-up 302
/message/2931/* /series/special-effects/stronger-weakness 302
/message/2932/* /series/special-effects/strange-love 302
/message/2933/* /series/special-effects/walking-well 302
/message/2934/* /series/special-effects/love-machine 302
/message/2935/* /series/special-effects/book-club 302
/message/2936/* /series/mind-screw/never-mind 302
/message/2937/* /series/mind-screw/what-i-want 302
/message/2940/* /series/fresh-breath/prayer-is-spontaneous 302
/message/2941/* /series/fresh-breath/prayer-is-imaginative 302
/message/2942/* /series/fresh-breath/prayer-is-natural 302
/message/2943/* /series/fresh-breath/prayer-is-easy 302
/message/2944/* /series/fresh-breath/prayer-3BPbmqRYHeY0WcIAuoqeS0 302
/message/2945/* /series/the-life/a-friend 302
/message/2946/* /series/the-life/one-of-a-kind 302
/message/2947/* /series/the-life/life-to-the-full 302
/message/2948/* /series/the-life/no-condemnation 302
/message/2949/* /series/the-life/not-bible-worshipers 302
/message/2950/* /series/the-life/new-life 302
/message/2951/* /series/the-life/the-light-and-the-life 302
/message/2952/* /series/the-game/the-team 302
/message/2953/* /series/the-game/the-playbook 302
/message/2954/* /series/the-game/the-game 302
/message/2955/* /series/revolution/crazy-invitation 302
/message/2956/* /series/revolution/crazy-expectations 302
/message/2957/* /series/revolution/crazy-choices 302
/message/2958/* /series/revolution/still-crazy 302
/message/2959/* /series/christmas-stories/the-god 302
/message/2960/* /series/christmas-stories/the-greats 302
/message/2961/* /series/christmas-stories/the-grunts 302
/message/2962/* /series/christmas-stories/the-girl 302
/message/2963/* /series/csi/evidence-of-a-blind-spot 302
/message/2964/* /series/csi/evidence-of-a-turn-around 302
/message/2965/* /series/csi/evidence-of-self-destruction 302
/message/2966/* /series/csi/evidence-of-a-mission 302
/message/2967/* /series/csi/evidence-of-success 302
/message/2968/* /series/united-states-of-addiction/state-of-grace 302
/message/2969/* /series/united-states-of-addiction/altered-states 302
/message/2970/* /series/united-states-of-addiction/state-of-mind 302
/message/2971/* /series/united-states-of-addiction/state-of-emergency 302
/message/2972/* /series/life-the-universe-and-everything/god-wants-your-everything 302
/message/2973/* /series/life-the-universe-and-everything/god-wants-your-obsession 302
/message/2974/* /series/life-the-universe-and-everything/god-wants-your-leadership 302
/message/2975/* /series/life-the-universe-and-everything/god-wants-your-heart 302
/message/2976/* /series/life-the-universe-and-everything/god-wants-your-change 302
/message/2977/* /series/life-the-universe-and-everything/god-wants-your-ways-and-means 302
/message/2978/* /series/life-the-universe-and-everything/god-wants-your-dreams 302
/message/2979/* /series/virus/what-next 302
/message/2980/* /series/virus/fear 302
/message/2981/* /series/virus/racism 302
/message/2982/* /series/virus/disappointment 302
/message/2983/* /series/virus/negativity 302
/message/2984/* /series/virus/greed 302
/message/2985/* /series/the-one-about-coffee/the-one-about-friendship 302
/message/2986/* /series/the-one-about-coffee/the-one-about-celebration 302
/message/2987/* /series/the-one-about-coffee/the-one-about-a-cause 302
/message/2988/* /series/the-one-about-coffee/the-one-about-conflict 302
/message/2989/* /series/going-crazy/still-crazy-54XHI0ruJaAqcicMIWksAo 302
/message/2990/* /series/going-crazy/celebration-event 302
/message/2991/* /series/going-crazy/letting-it-go 302
/message/2992/* /series/going-crazy/listening-to-your-life 302
/message/2993/* /series/going-crazy/listening-to-god-in-a-noisy-world 302
/message/2994/* /series/going-crazy/surrender-to-surrender 302
/message/2995/* /series/going-crazy/surrender-to-reality 302
/message/2996/* /series/the-new-new-thing/passion-or-propaganda 302
/message/2997/* /series/the-new-new-thing/customized-god 302
/message/2998/* /series/the-new-new-thing/un-coding-davinci 302
/message/2999/* /series/the-new-new-thing/crossing-over 302
/message/3000/* /series/symbols/bread 302
/message/3001/* /series/symbols/water 302
/message/3002/* /series/symbols/fire 302
/message/3003/* /series/symbols/air 302
/message/3004/* /series/symbols/earth 302
/message/3005/* /series/super-bowl/crazy-campaign-kickoff 302
/message/3006/* /series/super-bowl/super-bowl-sunday-2004 302
/message/3007/* /series/the-dna-of-change/altering-the-code 302
/message/3008/* /series/the-dna-of-change/barriers-to-change 302
/message/3009/* /series/the-dna-of-change/phases-of-change 302
/message/3010/* /series/the-dna-of-change/inside-me 302
/message/3011/* /series/the-not-so-big-christmas/reflect-2XCLPgetU4KYOOI2YeI6QW 302
/message/3012/* /series/the-not-so-big-christmas/regift 302
/message/3013/* /series/the-not-so-big-christmas/reclaim 302
/message/3014/* /series/the-not-so-big-christmas/reduce 302
/message/3015/* /series/crazy-church/real-crazy 302
/message/3016/* /series/crazy-church/world-crazy 302
/message/3017/* /series/crazy-church/change-crazy 302
/message/3018/* /series/crazy-church/people-crazy 302
/message/3019/* /series/public-enemy/enemy-of-the-elite 302
/message/3020/* /series/public-enemy/enemy-of-the-safe 302
/message/3021/* /series/public-enemy/enemy-of-the-religious 302
/message/3022/* /series/public-enemy/public-enemy-introduction 302
/message/3023/* /series/fear-factor/no-fear 302
/message/3024/* /series/fear-factor/fearless-faith 302
/message/3025/* /series/fear-factor/three-fears 302
/message/3026/* /series/fear-factor/fear-this 302
/message/3027/* /series/fear-factor/the-hidden-cost-of-fear 302
/message/3028/* /series/dangerous-conversations/dangerous-requests 302
/message/3029/* /series/dangerous-conversations/dangerous-transparency 302
/message/3030/* /series/dangerous-conversations/dangerous-talk 302
/message/3031/* /series/letter-from-a-revolutionary/what-now 302
/message/3032/* /series/letter-from-a-revolutionary/serving-the-under-resourced 302
/message/3033/* /series/letter-from-a-revolutionary/managing-our-anger 302
/message/3034/* /series/letter-from-a-revolutionary/taming-our-tongue 302
/message/3035/* /series/letter-from-a-revolutionary/practicing-patience 302
/message/3036/* /series/letter-from-a-revolutionary/dealing-with-temptation 302
/message/3037/* /series/letter-from-a-revolutionary/words-from-a-radical 302
/message/3038/* /series/supermodels/encouragers 302
/message/3039/* /series/supermodels/fathers 302
/message/3040/* /series/supermodels/warriors 302
/message/3041/* /series/supermodels/servants 302
/message/3042/* /series/supermodels/heroes-1uaaA7B5oIIegEiwuuWcA8 302
/message/3043/* /series/supermodels/teachers 302
/message/3044/* /series/supermodels/mothers 302
/message/3045/* /series/the-matrix-revealed/crossroads-reloaded 302
/message/3046/* /series/the-matrix-revealed/crossroads-revolution 302
/message/3047/* /series/easter/how-good-do-i-have-to-be 302
/message/3048/* /series/go-ahead-and-ask/what-does-god-think-about-homosexuality 302
/message/3049/* /series/go-ahead-and-ask/homosexuality-open-mic-q-a 302
/message/3050/* /series/go-ahead-and-ask/suffering-open-mic-q-a 302
/message/3051/* /series/go-ahead-and-ask/why-does-god-allow-suffering 302
/message/3052/* /series/go-ahead-and-ask/many-paths-to-god-open-mic-q-a 302
/message/3053/* /series/go-ahead-and-ask/aren-t-there-many-paths-to-god 302
/message/3054/* /series/everyday-enron/everyday-recovery 302
/message/3055/* /series/everyday-enron/everyday-decision-making 302
/message/3056/* /series/everyday-enron/everyday-truth-telling 302
/message/3057/* /series/everyday-enron/everyday-power-management 302
/message/3058/* /series/everyday-enron/everyday-integrity 302
/message/3059/* /series/the-space-between/the-space-between-my-way-and-god-s-way 302
/message/3060/* /series/the-space-between/the-space-between-wants-and-needs 302
/message/3061/* /series/the-space-between/the-space-between-the-20-and-the-goal-line 302
/message/3062/* /series/the-space-between/the-space-between-my-power-and-god-s-power 302
/message/3063/* /series/the-space-between/the-space-between-load-and-limit 302
/message/3064/* /series/the-space-between/where-i-went-in-2002 302
/message/3065/* /series/got-christmas/got-peace 302
/message/3066/* /series/got-christmas/got-room 302
/message/3067/* /series/got-christmas/got-visitors 302
/message/3068/* /series/got-christmas/got-baby 302
/message/3069/* /series/do-it-yourself/how-to-raise-healthy-kids 302
/message/3070/* /series/do-it-yourself/how-to-build-a-healthy-marriage 302
/message/3071/* /series/do-it-yourself/how-to-be-successfully-single 302
/message/3072/* /series/do-it-yourself/how-to-deal-with-your-parents 302
/message/3073/* /series/the-art-of-growth/growing-through-pain 302
/message/3074/* /series/the-art-of-growth/growing-together 302
/message/3075/* /series/the-art-of-growth/growing-through-the-book 302
/message/3076/* /series/the-art-of-growth/growing-through-prayer 302
/message/3077/* /series/the-art-of-growth/work-in-progress 302
/message/3078/* /series/living-out-loud/making-life-count 302
/message/3079/* /series/living-out-loud/real-questions 302
/message/3080/* /series/living-out-loud/real-friendships 302
/message/3081/* /series/living-out-loud/beyond-faking-it 302
/message/3082/* /series/house-of-hypocrites/the-profile-of-hypocrites 302
/message/3083/* /series/house-of-hypocrites/the-path-of-hypocrites 302
/message/3084/* /series/house-of-hypocrites/the-problem-of-hypocrites 302
/message/3085/* /series/the-day-crossroads-told-the-truth/the-day-crossroads-told-the-truth 302
/message/3086/* /series/the-big-picture/the-end 302
/message/3087/* /series/the-big-picture/the-body 302
/message/3088/* /series/the-big-picture/the-answer-5AZ5OVg0fKQu0q2WQA8E8O 302
/message/3089/* /series/the-big-picture/trying-hard-part-ii 302
/message/3090/* /series/the-big-picture/trying-hard 302
/message/3091/* /series/the-big-picture/oops 302
/message/3092/* /series/the-big-picture/the-beginning 302
/message/3093/* /series/icons/fathers 302
/message/3094/* /series/icons/paul 302
/message/3095/* /series/icons/esther 302
/message/3096/* /series/icons/heroes 302
/message/3097/* /series/icons/nehemiah 302
/message/3098/* /series/icons/mothers-rD32fD5wLQOQI0WWOIeMY 302
/message/3099/* /series/handle-with-care/power-44cDWo7RsIo8wUKAQK2AIS 302
/message/3100/* /series/handle-with-care/alcohol 302
/message/3101/* /series/handle-with-care/money-the-power-of-giving 302
/message/3102/* /series/handle-with-care/money-the-power-of-a-plan 302
/message/3103/* /series/handle-with-care/money-the-power-of-money 302
/message/3104/* /series/easter/easter 302
/message/3105/* /series/the-clue-phone-is-ringing/on-your-first-date 302
/message/3106/* /series/the-clue-phone-is-ringing/with-your-friends 302
/message/3107/* /series/the-clue-phone-is-ringing/at-work 302
/message/3108/* /series/the-clue-phone-is-ringing/in-your-bedroom 302
/message/3109/* /series/stuff-jesus-made-up/the-successful-fool 302
/message/3110/* /series/stuff-jesus-made-up/the-spolied-brat 302
/message/3111/* /series/stuff-jesus-made-up/the-missing-valuables 302
/message/3112/* /series/new-year-new-me/reaching-for-risk 302
/message/3113/* /series/new-year-new-me/keeping-commitments 302
/message/3114/* /series/new-year-new-me/managing-my-mouth 302
/message/3115/* /series/new-year-new-me/developing-discipline 302
/message/3116/* /series/all-i-want-for-christmas-is/a-second-chance 302
/message/3117/* /series/all-i-want-for-christmas-is/security 302
/message/3118/* /series/all-i-want-for-christmas-is/sanity 302
/message/3119/* /series/unpacking/unpacking 302
/message/3120/* /series/packing-up/what-happened-here 302
/message/3121/* /series/packing-up/what-goes 302
/message/3122/* /series/packing-up/what-stays 302
/message/3123/* /series/maximum-impact/maximum-excellence 302
/message/3124/* /series/maximum-impact/maximum-self 302
/message/3125/* /series/maximum-impact/maximum-conflict 302
/message/3126/* /series/maximum-impact/360-degree-impact 302
/message/3127/* /series/maximum-impact/modeling-for-maximum-impact 302
/message/3128/* /series/maximum-impact/reproducing-impact 302
/message/3129/* /series/maximum-impact/maximum-community 302
/message/3130/* /series/what-god-would-say-to-america/what-god-would-say-to-america 302
/message/3131/* /series/maximum-impact/visionary-impact 302
/message/3132/* /series/counter-cultural/lighten-up 302
/message/3133/* /series/counter-cultural/let-go 302
/message/3134/* /series/counter-cultural/don-t-tell-anyone 302
/message/3135/* /series/counter-cultural/love-your-enemies 302
/message/3136/* /series/counter-cultural/no-contracts 302
/message/3137/* /series/counter-cultural/you-can-t-do-it 302
/message/3138/* /series/counter-cultural/stay-hungry 302
/message/3139/* /series/counter-cultural/against-the-grain 302
/message/3140/* /series/the-art-of-forgiveness/forgiveness-from-god 302
/message/3141/* /series/the-art-of-forgiveness/forgiveness-from-others 302
/message/3142/* /series/the-art-of-forgiveness/forgiving-others 302
/message/3143/* /series/god-loves/god-loves-dads 302
/message/3144/* /series/god-loves/god-loves-truth-tellers 302
/message/3145/* /series/god-loves/god-loves-authorities 302
/message/3146/* /series/god-loves/god-loves-patriots 302
/message/3147/* /series/god-loves/god-loves-seekers 302
/message/3148/* /series/god-loves/god-loves-moms 302
/message/3149/* /series/close-encounters/jesus-and-the-thirsty-woman 302
/message/3150/* /series/close-encounters/jesus-and-the-taxman 302
/message/3151/* /series/close-encounters/jesus-and-the-politician 302
/message/3152/* /series/close-encounters/jesus-and-the-woman-caught 302
/message/3153/* /series/close-encounters/jesus-and-satan 302
/message/3154/* /series/trust-me/trust-me-part-2 302
/message/3155/* /series/trust-me/trust-me-part-1 302
/message/3156/* /series/three-lies-we-believe/it-s-the-thought-that-counts 302
/message/3157/* /series/three-lies-we-believe/more-is-better 302
/message/3158/* /series/three-lies-we-believe/god-helps-those-who-help-themselves 302
/message/3159/* /series/millennium-makeover/staying-relationally-healthy 302
/message/3160/* /series/millennium-makeover/getting-a-grip-on-your-schedule 302
/message/3161/* /series/millennium-makeover/finding-financial-sanity 302
/message/3162/* /series/millennium-makeover/building-physical-fitness 302
/message/3163/* /series/millennium-makeover/pursuing-spiritual-growth 302
/message/3164/* /series/where-i-went-in-2000-that-i-won-t-go-again/where-i-went-in-2000-that-i-won-t-go-again 302
/message/3165/* /series/home-for-the-holidays/developing-healthy-family-patterns 302
/message/3166/* /series/home-for-the-holidays/celebrating-christmas-together 302
/message/3167/* /series/home-for-the-holidays/gong-home-grown-up 302
/message/3168/* /series/home-for-the-holidays/parenting-4mklJTBxxKEaIs8smqaI4s 302
/message/3169/* /series/home-for-the-holidays/communicating-with-your-family 302
/message/3170/* /series/bad-boyz-of-the-bible/paul-blinded-by-the-light 302
/message/3171/* /series/bad-boyz-of-the-bible/peter-soft-rock 302
/message/3172/* /series/bad-boyz-of-the-bible/david-small-man-big-heart 302
/message/3173/* /series/bad-boyz-of-the-bible/samson-a-really-bad-hair-day 302
/message/3174/* /series/bad-boyz-of-the-bible/moses-you-talkin-to-me 302
/message/3175/* /series/bad-boyz-of-the-bible/jacob-the-hustler 302
/message/3176/* /series/bad-boyz-of-the-bible/adam-the-original-bad 302
/message/3177/* /series/making-life-work/cool-down 302
/message/3178/* /series/making-life-work/grow-up 302
/message/3179/* /series/making-life-work/do-something 302
/message/3180/* /series/making-life-work/wise-up 302
/message/3181/* /series/bouncing-back/healing-our-hurts 302
/message/3182/* /series/bouncing-back/moving-beyond-worry 302
/message/3183/* /series/bouncing-back/dealing-with-depression 302
/message/3184/* /series/bouncing-back/learning-through-failure 302
/message/3185/* /series/doing-life-together/dealing-with-conflict 302
/message/3186/* /series/doing-life-together/living-in-little-communities 302
/message/3187/* /series/doing-life-together/going-beyond-ourselves 302
/message/3188/* /series/doing-life-together/making-real-friendships 302
/message/3189/* /series/a-real-home-for-real-people/when-the-dust-settles 302
/message/3190/* /series/a-real-home-for-real-people/it-s-about-gratitude 302
/message/3191/* /series/a-real-home-for-real-people/it-s-about-trust 302
/message/3192/* /series/a-real-home-for-real-people/it-s-about-priorities 302
/message/3193/* /series/a-real-home-for-real-people/it-s-about-ownership 302
/message/3194/* /series/the-heart-of-the-matter/wasn-t-jesus-just-a-very-good-man 302
/message/3195/* /series/the-heart-of-the-matter/the-bible-fact-of-fiction 302
/message/3196/* /series/the-heart-of-the-matter/will-the-real-god-please-stand-up 302
/message/3197/* /series/beyond-mars-and-venus/beyond-romance 302
/message/3198/* /series/beyond-mars-and-venus/when-love-breaks-down 302
/message/3199/* /series/beyond-mars-and-venus/you-talking-to-me 302
/message/3200/* /series/beyond-mars-and-venus/single-minded 302
/message/3201/* /series/a-real-home-for-real-people/campaign-kickoff 302
/message/3202/* /series/loving-mondays/avoiding-workaholism 302
/message/3203/* /series/loving-mondays/dealing-with-stress 302
/message/3204/* /series/loving-mondays/giving-your-best 302
/message/3205/* /series/loving-mondays/finding-your-calling 302
/message/3206/* /series/talking-to-god/no-answer 302
/message/3207/* /series/talking-to-god/listen-up 302
/message/3208/* /series/talking-to-god/get-real 302
/message/3209/* /series/talking-to-god/why-i-gave-up-on-prayer 302
/message/3210/* /series/boundaries/what-bounaries-are-and-why-you-need-them 302
/message/3211/* /series/mother-s-day-1999/moms 302
/message/3212/* /series/becoming-a-person-of-integrity/faithfulness 302
/message/3213/* /series/becoming-a-person-of-integrity/servanthood 302
/message/3214/* /series/becoming-a-person-of-integrity/conviction 302
/message/3215/* /series/dead-man-walking/lessons-learned-from-jesus-last-week 302
/message/3216/* /series/cliff-notes-for-real-life/making-decisions-with-confidence 302
/message/3217/* /series/cliff-notes-for-real-life/building-healthy-relationships 302
/message/3218/* /series/cliff-notes-for-real-life/rising-above-the-daily-grind-at-work 302
/message/3219/* /series/cliff-notes-for-real-life/managing-your-stress-level 302
/message/3220/* /series/from-here-to-eternity/heaven-and-hell-in-the-afterlife 302
/message/3221/* /series/from-here-to-eternity/heaven-and-hell-in-life 302
/message/3222/* /series/surviving-success/how-to-succeed-for-the-long-haul 302
/message/3223/* /series/surviving-success/mistakes-of-the-young-and-successful 302
/message/3224/* /series/surviving-success/lessons-from-a-success-that-crashed 302
/message/3225/* /series/the-power-of-money/power-to-change-lives 302
/message/3226/* /series/the-power-of-money/power-to-set-free 302
/message/3227/* /series/the-power-of-money/power-to-enslave 302
/message/3228/* /series/where-i-went-in-98/where-i-went-in-98 302
/message/3229/* /series/lessons-learned-from-christmas-classics/rudolph-the-red-nosed-reindeer-i-being-content 302
/message/3230/* /series/lessons-learned-from-christmas-classics/how-the-grinch-stole-christmas-i-how-to-regain-t 302
/message/3231/* /series/lessons-learned-from-christmas-classics/it-s-a-wonderful-life-i-making-your-life-count 302
/message/3232/* /series/home-for-the-holidays/communicating-with-your-family 302
/message/3233/* /series/home-for-the-holidays/dealing-with-your-parents 302
/message/3234/* /series/home-for-the-holidays/surviving-a-difficult-marriage 302
/message/3235/* /series/what-are-you-running-from/what-is-responsibility 302
/message/3236/* /series/what-are-you-running-from/conflict 302
/message/3237/* /series/what-are-you-running-from/fear-and-pain 302
/message/3238/* /series/what-are-you-running-from/loneliness 302
/message/3239/* /series/building-the-life-you-ve-always-wanted/finding-satisfaction-in-your-work 302
/message/3240/* /series/building-the-life-you-ve-always-wanted/building-friendships-that-matter 302
/message/3241/* /series/building-the-life-you-ve-always-wanted/making-peace-with-yourself 302
/message/3242/* /series/the-character-of-christ/humility-2E7RSiXTm80MUkoWkUqS4q 302
/message/3243/* /series/the-character-of-christ/relational-investment 302
/message/3244/* /series/the-character-of-christ/strength 302
/message/3245/* /series/the-character-of-christ/compassion 302
/message/3246/* /series/god-s-top-10/do-not-lie 302
/message/3247/* /series/god-s-top-10/do-not-steal 302
/message/3248/* /series/god-s-top-10/do-not-commit-adultery 302
/message/3249/* /series/god-s-top-10/do-not-murder 302
/message/3250/* /series/god-s-top-10/observe-the-sabbath-day 302
/message/3251/* /series/god-s-top-10/do-not-misuse-god-s-name 302
/message/3252/* /series/god-s-top-10/honor-your-father-and-mother 302
/message/3253/* /series/god-s-top-10/do-not-make-idols 302
/message/3254/* /series/god-s-top-10/do-not-worship-other-gods 302
/message/3255/* /series/room-to-breathe/developing-emotional-reserves 302
/message/3256/* /series/room-to-breathe/establishing-time-reserves 302
/message/3257/* /series/room-to-breathe/building-physical-reserves 302
/message/3258/* /series/room-to-breathe/creating-relational-reserves 302
/message/3259/* /series/room-to-breathe/the-lost-art-of-building-reserves 302
/message/3260/* /series/in-search-of/why-does-god-allow-bad-things-to-happen 302
/message/3261/* /series/in-search-of/is-there-evidence-to-support-the-resurrection-of-c 302
/message/3262/* /series/in-search-of/isn-t-being-good-good-enough 302
/message/3263/* /series/in-search-of/is-the-bible-reliable 302
/message/3264/* /series/in-search-of/aren-t-all-gods-the-same 302
/message/3265/* /series/life-for-dummies/sex-for-dummies 302
/message/3266/* /series/life-for-dummies/relationships-for-dummies 302
/message/3267/* /series/life-for-dummies/stress-management-for-dummies 302
/message/3268/* /series/the-jagged-edge/offering-criticism-with-minimal-pain 302
/message/3269/* /series/the-jagged-edge/receiving-criticism 302
/message/3270/* /series/the-jagged-edge/dangerous-roles-in-conflict 302
/message/3271/* /series/the-jagged-edge/dissecting-conflict 302
/message/3272/* /series/dollars-sense-and-sensibility/leveraging-money-for-what-matters 302
/message/3273/* /series/dollars-sense-and-sensibility/mastering-your-money 302
/message/3274/* /series/dollars-sense-and-sensibility/money-myths 302
/message/3275/* /series/where-i-went-in-97/where-i-went-in-97-3SbcvfHS36s0O6iSo8QqyI 302
/message/3276/* /series/seasons/fall 302
/message/3277/* /series/seasons/winter 302
/message/3278/* /series/seasons/spring 302
/message/3279/* /series/seasons/summer 302
/message/3280/* /series/context/we-run 302
/message/3281/* /series/love-sex/the-details 302
/message/3282/* /series/love-sex/hope 302
/message/3283/* /series/love-sex/healing-4pK3Uji9IIQmM6yusiikU0 302
/message/3284/* /series/context/we-hydrate 302
/message/3285/* /series/context/we-finish 302
/message/3286/* /series/hero/promised 302
/message/3287/* /series/hero/hated 302
/message/3288/* /series/hero/worshipped 302
/message/3289/* /series/the-drive/scout 302
/message/3290/* /series/the-drive/strategize 302
/message/3291/* /series/the-drive/squad 302
/message/3292/* /series/go-ahead-and-ask/open-mic-session 302
/message/3293/* /series/the-drive/sweat 302
/message/3294/* /series/the-drive/superbowl 302
/message/3295/* /series/consumed/materialism 302
/message/3296/* /series/consumed/generosity-2EjieCFeTWUiaiwEwi8YY 302
/message/3297/* /series/consumed/debt 302
/message/3298/* /series/consumed/kingdom 302
/message/3299/* /series/consumed/prayer 302
/message/3300/* /series/consumed/community 302
/message/3301/* /series/consumed/easter 302
/message/3302/* /series/consumed/recap 302
/message/3303/* /series/vision-night/vision-night 302
/message/3304/* /series/i-am/focused 302
/message/3305/* /series/i-am/engaged 302
/message/3306/* /series/i-am/surrendered 302
/message/3307/* /series/i-am/reproduced 302
/message/3308/* /series/i-am/alive 302
/message/3309/* /series/riq/truth 302
/message/3310/* /series/riq/submission 302
/message/3311/* /series/riq/service 302
/message/3312/* /series/riq/judgment 302
/message/3313/* /series/pride/week-one 302
/message/3314/* /series/pride/week-two 302
/message/3315/* /series/pride/week-three 302
/message/3316/* /series/pride/week-four 302
/message/3317/* /series/one/week-one 302
/message/3318/* /series/one/week-two-6B30xbSipGe8mcwac8I2wY 302
/message/3319/* /series/one/week-three 302
/message/3320/* /series/one/week-four 302
/message/3321/* /series/one/week-five 302
/message/3322/* /series/one/week-six 302
/message/3323/* /series/rebuild/vision-4NbutW6mYUeywuwYIaMMu0 302
/message/3324/* /series/rebuild/plan 302
/message/3325/* /series/rebuild/follow-through 302
/message/3326/* /series/the-clue-phone-is-ringing/at-crossroads 302
/message/3327/* /series/core-strength/intro 302
/message/3328/* /series/core-strength/bible 302
/message/3329/* /series/last-wednesday-august/vision-2008-09 302
/message/3330/* /series/core-strength/community 302
/message/3331/* /series/core-strength/prayer-Ph2N6N6dUqIwoYSAAwwsk 302
/message/3332/* /series/unlock-ed/the-story-mr3ZJCCi5Mq6w8MYECiyK 302
/message/3333/* /series/unlock-ed/the-people 302
/message/3334/* /series/unlock-ed/the-plan 302
/message/3335/* /series/unlock-ed/the-purpose 302
/message/3336/* /series/next-level-greg-boyd/part-one 302
/message/3337/* /series/next-level-greg-boyd/part-two 302
/message/3338/* /series/next-level-greg-boyd/part-three 302
/message/3339/* /series/next-level-greg-boyd/part-four 302
/message/3340/* /series/gimme-gimme/the-problem 302
/message/3341/* /series/gimme-gimme/the-symptoms 302
/message/3342/* /series/gimme-gimme/the-antidote 302
/message/3343/* /series/gimme-gimme/the-results 302
/message/3344/* /series/we-wish-you-a-messy-christmas/messy-choices 302
/message/3345/* /series/we-wish-you-a-messy-christmas/messy-relationships 302
/message/3346/* /series/we-wish-you-a-messy-christmas/messy-lives 302
/message/3348/* /series/lost-books/haggai 302
/message/3349/* /series/lost-books/malachi 302
/message/3350/* /series/lost-books/daniel 302
/message/3351/* /series/lost-books/ezekiel 302
/message/3352/* /series/lost-books/hosea 302
/message/3353/* /series/reset/jesus-reset-assumptions 302
/message/3354/* /series/reset/jesus-reset-fairness 302
/message/3355/* /series/reset/jesus-reset-surrender 302
/message/3356/* /series/reset/jesus-reset-love 302
/message/3357/* /series/reset/jesus-reset-church 302
/message/3358/* /series/reset/jesus-reset-prayer 302
/message/3359/* /series/reset/reset-recap 302
/message/3360/* /series/reset/easter-2009 302
/message/3361/* /series/filled/why 302
/message/3362/* /series/filled/what-2MOeApkQsgESImSMGYkkGC 302
/message/3363/* /series/filled/how 302
/message/3364/* /series/filled/baptism-1wEvRsbNRmOoS4Y6iUoUwC 302
/message/3365/* /series/roadmap-for-a-revolution/commitment 302
/message/3366/* /series/roadmap-for-a-revolution/reconciliation-5zPErzPZpSugg6ie4QWQSo 302
/message/3367/* /series/roadmap-for-a-revolution/call 302
/message/3368/* /series/roadmap-for-a-revolution/cost 302
/message/3369/* /series/roadmap-for-a-revolution/freedom-grace 302
/message/3370/* /series/roadmap-for-a-revolution/authority 302
/message/3371/* /series/roadmap-for-a-revolution/relevance 302
/message/3372/* /series/we-love-cincinnati/god-loves-cincinnati 302
/message/3373/* /series/we-love-cincinnati/i-love-my-friend 302
/message/3374/* /series/we-love-cincinnati/i-love-my-neighborhood 302
/message/3375/* /series/we-love-cincinnati/i-love-my-city 302
/message/3376/* /series/we-love-cincinnati/i-love-my-mission 302
/message/3377/* /series/we-love-cincinnati/on-mission-in-cincy 302
/message/3378/* /series/inside-out/outside-in 302
/message/3379/* /series/inside-out/inside-in 302
/message/3380/* /series/inside-out/inside-out 302
/message/3381/* /series/inside-out/outside-out 302
/message/3382/* /series/commitment/yes-be-yes 302
/message/3383/* /series/commitment/no-be-no 302
/message/3384/* /series/commitment/no-be-yes 302
/message/3385/* /series/commitment/yes 302
/message/3386/* /series/the-garden/vision-10N2j88Fbi0Q6CkEsUakwA 302
/message/3387/* /series/the-garden/roots 302
/message/3388/* /series/the-garden/pruning 302
/message/3389/* /series/the-garden/fortification 302
/message/3390/* /series/the-garden/fruit 302
/message/3391/* /series/typecast/friends 302
/message/3392/* /series/typecast/singles 302
/message/3393/* /series/typecast/parents 302
/message/3394/* /series/typecast/married 302
/message/3395/* /series/redemption/redemption 302
/message/3396/* /series/next/next-is-next 302
/message/3397/* /series/next/next-is-possible 302
/message/3398/* /series/next/next-is-now 302
/message/3399/* /series/next/next-is-near 302
/message/3400/* /series/manly/men-vs-boys 302
/message/3401/* /series/manly/super-bowl-5wDlTa7nbyC0AOA420YQk2 302
/message/3402/* /series/manly/man-up 302
/message/3403/* /series/free/freedom 302
/message/3404/* /series/free/the-freedom-giver 302
/message/3405/* /series/free/the-enemy 302
/message/3406/* /series/free/endurance 302
/message/3407/* /series/free/freedom-fighting 302
/message/3408/* /series/free/looking-forward 302
/message/3409/* /series/free/easter-D2oZCn66ooq2CUCec8o0E 302
/message/3410/* /series/force-feed/forced 302
/message/3411/* /series/force-feed/feasting 302
/message/3412/* /series/force-feed/fasting 302
/message/3413/* /series/force-feed/friending 302
/message/3414/* /series/lavish/gospel 302
/message/3415/* /series/lavish/grunt 302
/message/3416/* /series/lavish/grace 302
/message/3417/* /series/lavish/get 302
/message/3418/* /series/lavish/give 302
/message/3419/* /series/house-work/overview 302
/message/3420/* /series/house-work/authority-7fV37uaxAAAiOqY6yIkmEQ 302
/message/3421/* /series/house-work/money 302
/message/3422/* /series/house-work/time 302
/message/3423/* /series/kingdom-come/kingdom-come 302
/message/3424/* /series/kingdom-come/creative-kingdom 302
/message/3425/* /series/kingdom-come/inside-out-6NPsB5G5J6eKy0k0qWEqgC 302
/message/3426/* /series/kingdom-come/sightings 302
/message/3427/* /series/kingdom-come/upside-down 302
/message/3428/* /series/the-faithful/faithful-god 302
/message/3429/* /series/the-faithful/faithful-obedience 302
/message/3430/* /series/the-faithful/faithful-call 302
/message/3431/* /series/the-faithful/faithful-suffering 302
/message/3432/* /series/the-faithful/faithful-story 302
/message/3433/* /series/play/playdate 302
/message/3434/* /series/play/downplay 302
/message/3435/* /series/play/replay 302
/message/3436/* /series/game-change/intro 302
/message/3437/* /series/game-change/surrender-6CPkLiGR8skwAogqqgoU4y 302
/message/3438/* /series/game-change/listen 302
/message/3439/* /series/game-change/do-it 302
/message/3440/* /series/game-change/next 302
/message/3441/* /series/game-change/commitment 302
/message/3442/* /series/the-365-days-of-christmas/anticipation 302
/message/3443/* /series/the-365-days-of-christmas/preparation 302
/message/3444/* /series/the-365-days-of-christmas/celebration 302
/message/3445/* /series/game-change/celebrate 302
/message/3446/* /series/grow-up/grow-up-6t1odszg4MuqIuAcESA4y0 302
/message/3447/* /series/grow-up/grow-with-the-wise 302
/message/3448/* /series/grow-up/grow-in-truth 302
/message/3449/* /series/grow-up/grow-through-sacrifice 302
/message/3450/* /series/grow-up/grow-in-power 302
/message/3451/* /series/super-bowl-of-preaching/super-bowl 302
/message/3452/* /series/heavy-weights/doubt-vs-belief 302
/message/3453/* /series/heavy-weights/suffering-vs-a-loving-god-2P4cc9UsEEEC2kgM86yigo 302
/message/3454/* /series/heavy-weights/jesus-vs-religion 302
/message/3455/* /series/heavy-weights/hell-vs-grace 302
/message/3456/* /series/heavy-weights/science-vs-faith 302
/message/3457/* /series/the-story/cosmos 302
/message/3458/* /series/the-story/creation-fall 302
/message/3459/* /series/the-story/jesus-cross 302
/message/3460/* /series/the-story/lordship 302
/message/3461/* /series/the-story/church 302
/message/3462/* /series/the-story/re-creation 302
/message/3463/* /series/the-story/israel-law 302
/message/3464/* /series/the-story/resurrection-adoption 302
/message/3465/* /series/the-guide/trek-with-the-guide 302
/message/3466/* /series/the-guide/grace-vs-resentment 302
/message/3467/* /series/the-guide/peace-vs-anxiety 302
/message/3468/* /series/the-guide/love-vs-pride 302
/message/3469/* /series/jesus-the-greatest-show-on-earth/jesus-spoke-hard-truth 302
/message/3470/* /series/jesus-the-greatest-show-on-earth/jesus-hung-out-with-normal-people 302
/message/3471/* /series/jesus-the-greatest-show-on-earth/jesus-turned-religion-on-its-head 302
/message/3472/* /series/jesus-the-greatest-show-on-earth/jesus-dined-with-scoundrels 302
/message/3473/* /series/jesus-the-greatest-show-on-earth/jesus-heals 302
/message/3474/* /series/jesus-the-greatest-show-on-earth/jesus-spoke-in-parables 302
/message/3475/* /series/jesus-the-greatest-show-on-earth/jesus-told-the-best-stories 302
/message/3476/* /series/jesus-the-greatest-show-on-earth/guest-speaker-chris-seay 302
/message/3477/* /series/collide/local-church 302
/message/3478/* /series/collide/family-4z41fXb0FycK4KuUc0yqm2 302
/message/3479/* /series/collide/sex 302
/message/3480/* /series/collide/oath 302
/message/3481/* /series/everyday-friends/vulnerability 302
/message/3482/* /series/everyday-friends/encouragement 302
/message/3483/* /series/everyday-friends/sacrifice 302
/message/3484/* /series/everyday-friends/team-6RytZ43WMwmAaYK0Aocg8Y 302
/message/3485/* /series/the-strong-challenge/play 302
/message/3486/* /series/the-strong-challenge/pray 302
/message/3487/* /series/the-strong-challenge/study 302
/message/3488/* /series/the-strong-challenge/train 302
/message/3489/* /series/the-strong-challenge/serve 302
/message/3490/* /series/the-strong-challenge/live 302
/message/3491/* /series/the-strong-challenge/baptism-2Ae5IUtrLYaQ6ECqAsmC4S 302
/message/3492/* /series/rsvp/invitation-to-a-personal-god 302
/message/3493/* /series/rsvp/invitation-to-peace 302
/message/3494/* /series/rsvp/invitation-to-the-party 302
/message/3495/* /series/reflect-on-2011/reflect-on-2011 302
/message/3496/* /series/big-bad-wolf/the-big-bad-wolf 302
/message/3497/* /series/big-bad-wolf/the-good-news-about-money 302
/message/3498/* /series/big-bad-wolf/how-to-build-with-brick 302
/message/3499/* /series/big-bad-wolf/wise-builders 302
/message/3500/* /series/10th-annual-super-bowl-of-preaching/super-bowl-2012 302
/message/3501/* /series/a-place-at-the-table/embracing-identity 302
/message/3502/* /series/a-place-at-the-table/understanding-appetite 302
/message/3503/* /series/a-place-at-the-table/finding-approval 302
/message/3504/* /series/a-place-at-the-table/choosing-ambition 302
/message/3505/* /series/game-changers/dissatisfaction 302
/message/3506/* /series/game-changers/belief 302
/message/3507/* /series/game-changers/generosity 302
/message/3508/* /series/game-changers/innovation 302
/message/3509/* /series/game-changers/sacrifice 302
/message/3510/* /series/game-changers/commitment 302
/message/3511/* /series/james-a-putting-your-faith-to-work/faith 302
/message/3512/* /series/james-a-putting-your-faith-to-work/suffering 302
/message/3513/* /series/james-a-putting-your-faith-to-work/tongue 302
/message/3514/* /series/james-a-putting-your-faith-to-work/confession 302
/message/3515/* /series/james-a-putting-your-faith-to-work/humility 302
/message/3516/* /series/the-backyard-gospel/front-porch 302
/message/3517/* /series/the-backyard-gospel/back-yard 302
/message/3518/* /series/the-backyard-gospel/back-deck 302
/message/3519/* /series/the-backyard-gospel/tool-shed 302
/message/3520/* /series/the-good-life/week-1-chuck-mingo 302
/message/3521/* /series/the-good-life/week-2-chuck-mingo 302
/message/3522/* /series/the-good-life/week-3-terry-phillips 302
/message/3523/* /series/the-good-life/week-4-mike-breen 302
/message/3524/* /series/the-good-life/week-5-mike-breen 302
/message/3525/* /series/the-good-life/week-6-kathy-beechem 302
/message/3526/* /series/the-good-life/week-7-chuck-mingo 302
/message/3527/* /series/the-good-life/week-8-brian-tome 302
/message/3528/* /series/how-to-love-your-job/the-value-of-work 302
/message/3529/* /series/how-to-love-your-job/avoid-the-traps 302
/message/3530/* /series/how-to-love-your-job/lead-everywhere 302
/message/3531/* /series/how-to-love-your-job/work-smarter 302
/message/3532/* /series/knock-off/marriage 302
/message/3533/* /series/knock-off/parenting 302
/message/3534/* /series/knock-off/dating 302
/message/3535/* /series/a-journey-home/the-promise-of-home 302
/message/3536/* /series/a-journey-home/know-your-dad 302
/message/3537/* /series/a-journey-home/trust-your-dad 302
/message/3538/* /series/a-journey-home/return-home 302
/message/3539/* /series/a-journey-home/place-at-the-table 302
/message/3540/* /series/a-journey-home/remain-at-home 302
/message/3541/* /series/a-journey-home/baptism-4PQqnbUEuk8wi0qieqaMuy 302
/message/3542/* /series/the-awaited-son/the-conquering-son 302
/message/3543/* /series/the-awaited-son/the-bastard-son 302
/message/3544/* /series/the-awaited-son/the-dividing-son 302
/message/3545/* /series/saints-scoundrels/history 302
/message/3546/* /series/saints-scoundrels/priesthood 302
/message/3547/* /series/saints-scoundrels/community 302
/message/3548/* /series/saints-scoundrels/mission 302
/message/3549/* /series/2013-super-bowl-of-preaching/2013-super-bowl-of-preaching 302
/message/3550/* /series/follow-the-leader/follow 302
/message/3551/* /series/follow-the-leader/listen-qR5cas5vSoS4Oe0yuW0G0 302
/message/3552/* /series/follow-the-leader/act-4Xr1zg6AwEa0QEcMSAMO2m 302
/message/3553/* /series/follow-the-leader/follow-together 302
/message/3554/* /series/roi/treasure 302
/message/3555/* /series/roi/invest 302
/message/3556/* /series/roi/return 302
/message/3557/* /series/roi/trust 302
/message/3558/* /series/roi/cr-roi 302
/message/3559/* /series/roi/statement 302
/message/3560/* /series/last-wednesday-25cvDgcz6YWUGYkCUcqEsQ/lw-oakley 302
/message/3561/* /series/last-wednesday-25cvDgcz6YWUGYkCUcqEsQ/lw-florence-6bybSdThqoWy6Y0qMWwWCW 302
/message/3562/* /series/last-wednesday/lw-florence 302
/message/3563/* /series/last-wednesday/lw-oakley-ray0YaErRuieOsMMAMoSO 302
/message/3564/* /series/rhythm/case-study-in-rhythmic-living-brian-tome 302
/message/3565/* /series/rhythm/last-wednesday-oakley-6h4W73KoAoEOGW2K82oQMu 302
/message/3566/* /series/rhythm/last-wednesday-florence 302
/message/3567/* /series/rhythm/case-study-in-rhythmic-living-chuck-mingo 302
/message/3568/* /series/rhythm/case-studies-in-rhythmic-living-community-stories 302
/message/3569/* /series/rhythm/case-study-in-rhythmic-living-karl-martin 302
/message/3570/* /series/goodsex/covenant 302
/message/3571/* /series/goodsex/contrast-4atH3QglwIYcOi6wAmOs6U 302
/message/3572/* /series/goodsex/cross 302
/message/3573/* /series/goodsex/consecration 302
/message/3574/* /series/how-to-build-people/building-spiritual-maturity 302
/message/3575/* /series/how-to-build-people/developing-business-leaders 302
/message/3576/* /series/how-to-build-people/discipleship 302
/message/3577/* /series/how-to-build-people/parenting-via-the-invitation-challenge-matrix 302
/message/3578/* /series/how-to-build-people/building-spiritual-maturity-florence 302
/message/3579/* /series/how-to-build-people/last-wednesday-4yKoM4PxU4W0cwyYoMkMwY 302
/message/3580/* /series/god-is-____/other-worldly 302
/message/3581/* /series/god-is-____/a-street-fighter 302
/message/3582/* /series/god-is-____/a-venture-capitalist 302
/message/3583/* /series/god-is-____/flesh-and-bone 302
/message/3584/* /series/god-is-____/last-wednesday-oakley-22U3g39kM8288IwC0SsGC4 302
/message/3585/* /series/god-is-____/last-wednesday-florence 302
/message/3586/* /series/god-is-____/flesh-and-bones-florence 302
/message/3587/* /series/god-is-____/flesh-and-bone-mason 302
/message/3588/* /series/god-is-____/about-the-small-places 302
/message/3589/* /series/god-is-____/self-absorbed 302
/message/3590/* /series/go-forth/newness 302
/message/3591/* /series/go-forth/pioneer-vs-settler 302
/message/3592/* /series/go-forth/team-fearlessness 302
/message/3593/* /series/go-forth/vision-of-crossroads 302
/message/3594/* /series/go-forth/last-wednesday-oakley 302
/message/3595/* /series/go-forth/last-wednesday-florence-2EYVc2XKmoqGCG2U848aS8 302
/message/3596/* /series/go-forth/last-wednesday-mason 302
/message/3597/* /series/culture/brand-me 302
/message/3598/* /series/culture/instant-watch 302
/message/3599/* /series/culture/constant-connection 302
/message/3600/* /series/culture/last-wednesday-oakley-4tbxhAP85WIYKGQ0CCqOSu 302
/message/3601/* /series/culture/last-wednesday-florence 302
/message/3602/* /series/culture/last-wednesday-mason 302
/message/3603/* /series/kingdom-come-6b2ZrSEO4MuIosU0i8yuuE/love-two-kingdoms 302
/message/3604/* /series/kingdom-come-6b2ZrSEO4MuIosU0i8yuuE/receive-enter-the-kingdom 302
/message/3605/* /series/kingdom-come-6b2ZrSEO4MuIosU0i8yuuE/obey-submit-to-the-king 302
/message/3606/* /series/kingdom-come-6b2ZrSEO4MuIosU0i8yuuE/fight-kingdom-at-war 302
/message/3607/* /series/kingdom-come-6b2ZrSEO4MuIosU0i8yuuE/seek-seek-the-kingdom 302
/message/3608/* /series/kingdom-come-6b2ZrSEO4MuIosU0i8yuuE/kingdom-come 302
/message/3609/* /series/kingdom-come-6b2ZrSEO4MuIosU0i8yuuE/baptism-1p8jIGmFBq6QqMqkmKMMi8 302
/message/3610/* /series/the-gift-of-freedom/the-promise-of-freedom 302
/message/3611/* /series/the-gift-of-freedom/the-potential-of-freedom 302
/message/3612/* /series/the-gift-of-freedom/the-power-of-freedom 302
/message/3613/* /series/kingdom-come-6b2ZrSEO4MuIosU0i8yuuE/last-wednesday-florence 302
/message/3614/* /series/kingdom-come-6b2ZrSEO4MuIosU0i8yuuE/last-wednesday-oakley-5kIXbSoeBO6EC20q48swSM 302
/message/3615/* /series/the-gift-of-freedom/the-power-of-freedom-mason 302
/message/3616/* /series/power-to-change/week-1 302
/message/3617/* /series/power-to-change/how-change-happens 302
/message/3618/* /series/power-to-change/how-change-becomes-permanent 302
/message/3619/* /series/power-to-change/physical-and-spiritual-change 302
/message/3620/* /series/super-bowl-of-preaching-xii/super-bowl-of-preaching-xii 302
/message/3621/* /series/heavyweights-2/bible-vs-history 302
/message/3622/* /series/heavyweights-2/science-vs-faith 302
/message/3623/* /series/heavyweights-2/grace-vs-judgement 302
/message/3624/* /series/heavyweights-2/suffering-vs-a-loving-god 302
/message/3625/* /series/heavyweights-2/talk-vs-walk 302
/message/3626/* /series/heavyweights-2/jesus-vs-other-religions 302
/message/3627/* /series/power-to-change/last-wednesday-4znKg7OmLKcsAOQUUuMEie 302
/message/3628/* /series/heavyweights-2/lw-oakley-3mR0a1z2o0wMso8WEwQUQ6 302
/message/3629/* /series/heavyweights-2/lw-florence 302
/message/3630/* /series/how-to-change-the-world/set-yourself-on-fire 302
/message/3631/* /series/how-to-change-the-world/get-your-jersey-dirty-oakley 302
/message/3632/* /series/how-to-change-the-world/eat-weird 302
/message/3633/* /series/how-to-change-the-world/put-your-money-where-your-mouth-is 302
/message/3634/* /series/how-to-change-the-world/easter-6rACRuxPMWM2UG2S6u8miY 302
/message/3635/* /series/the-new-man/5-marks-of-a-man 302
/message/3636/* /series/the-new-man/minority-position 302
/message/3637/* /series/the-new-man/work 302
/message/3638/* /series/the-new-man/team-player 302
/message/3639/* /series/the-new-man/protector 302
/message/3640/* /series/the-new-man/vision 302
/message/3641/* /series/meaning/happiness 302
/message/3642/* /series/meaning/wealth 302
/message/3643/* /series/meaning/family 302
/message/3644/* /series/meaning/love 302
/message/3645/* /series/the-new-man/last-wednesday-oakley-5Ca0XlpF9SicumkEqyY0uI 302
/message/3646/* /series/the-new-man/last-wednesday-florence 302
/message/3647/* /series/meaning/last-wednesday-oakley-2xWsuG7HTayggEIqOSyY6E 302
/message/3648/* /series/wonders/modern-miracles 302
/message/3649/* /series/wonders/freedom-slaves-being-set-free 302
/message/3650/* /series/wonders/wonders-oakley 302
/message/3651/* /series/wonders/wonders-florence 302
/message/3652/* /series/wonders/wonders-west-side 302
/message/3653/* /series/wonders/wonders-mason 302
/message/3654/* /series/wonders/signs-of-a-changed-city 302
/message/3655/* /series/wonders/signs-i-have-seen 302
/message/3657/* /series/like-a-boss/work-like-youa-re-made-for-it 302
/message/3658/* /series/like-a-boss/work-like-you-need-it 302
/message/3659/* /series/like-a-boss/work-rested 302
/message/3660/* /series/like-a-boss/work-a-100-year-vision-with-a-dirty-jobs-mindset 302
/message/3661/* /series/next-11CRXFfdNwiwq2AukQESOi/there-is-a-next 302
/message/3662/* /series/next-11CRXFfdNwiwq2AukQESOi/receive-what-s-next 302
/message/3663/* /series/next-11CRXFfdNwiwq2AukQESOi/follow-what-s-next 302
/message/3664/* /series/next-11CRXFfdNwiwq2AukQESOi/produce-what-s-next 302
/message/3665/* /series/next-11CRXFfdNwiwq2AukQESOi/last-wednesday-florence 302
/message/3666/* /series/next-11CRXFfdNwiwq2AukQESOi/last-wednesday-west-side 302
/message/3667/* /series/next-11CRXFfdNwiwq2AukQESOi/last-wednesday-mason 302
/message/3668/* /series/next-11CRXFfdNwiwq2AukQESOi/last-wednesday-oakley-P6sVf9fYMS0cC4wCEcW0K 302
/message/3669/* /series/next-11CRXFfdNwiwq2AukQESOi/seek-what-s-next-florence 302
/message/3670/* /series/next-11CRXFfdNwiwq2AukQESOi/seek-what-s-next-mason 302
/message/3671/* /series/next-11CRXFfdNwiwq2AukQESOi/seek-what-s-next-west-side 302
/message/3672/* /series/next-11CRXFfdNwiwq2AukQESOi/seek-what-s-next-oakley 302
/message/3673/* /series/we-are/we-are-we 302
/message/3674/* /series/we-are/we-are-moving 302
/message/3675/* /series/we-are/we-are-water 302
/message/3676/* /series/we-are/we-are-in 302
/message/3677/* /series/awaited-behind-the-scenes/outcasts-to-included 302
/message/3678/* /series/awaited-behind-the-scenes/darkness-to-light 302
/message/3679/* /series/awaited-behind-the-scenes/broken-to-whole 302
/message/3680/* /series/awaited-behind-the-scenes/thanksgiving-eve-oakley 302
/message/3681/* /series/awaited-behind-the-scenes/thanksgiving-eve-mason 302
/message/3682/* /series/awaited-behind-the-scenes/thanksgiving-eve-florence 302
/message/3683/* /series/awaited-behind-the-scenes/thanksgiving-eve-west-side 302
/message/3684/* /series/awaited-behind-the-scenes/seeking-to-finding-florence 302
/message/3685/* /series/awaited-behind-the-scenes/seeking-to-finding-west-side 302
/message/3686/* /series/awaited-behind-the-scenes/seeking-to-finding-mason 302
/message/3687/* /series/awaited-behind-the-scenes/bravery-versus-fearlessness 302
/message/3688/* /series/awaited-behind-the-scenes/mason-dedication 302
/message/3689/* /series/a-bright-future/better-news 302
/message/3690/* /series/a-bright-future/the-burden-is-light 302
/message/3691/* /series/a-bright-future/forgiveness-is-fully-stocked 302
/message/3692/* /series/a-bright-future/super-bowl-DkZUB3OeRM8Oc2qWgcQGq 302
/message/3693/* /series/a-bright-future/how-does-a-dream-become-reality 302
/message/3694/* /series/a-bright-future/last-wednesday 302
/message/3695/* /series/wolf-pack/5-marks-of-manhood 302
/message/3696/* /series/wolf-pack/male-friendship 302
/message/3697/* /series/wolf-pack/anti-porn 302
/message/3698/* /series/wolf-pack/marks-of-womanhood 302
/message/3699/* /series/wolf-pack/protecting 302
/message/3700/* /series/wolf-pack/habits-cause-florence 302
/message/3701/* /series/wolf-pack/habits-cause-oakley 302
/message/3702/* /series/wolf-pack/habits-cause-west-side 302
/message/3703/* /series/wolf-pack/compassion-weekend-29uWDFrY2Aew62QuEYeCiU 302
/message/3704/* /series/wolf-pack/contribute 302
/message/3705/* /series/brave-64n3BGhCJUie8UgauWwuaY/adventure 302
/message/3706/* /series/brave-64n3BGhCJUie8UgauWwuaY/storm 302
/message/3707/* /series/brave-64n3BGhCJUie8UgauWwuaY/power-identity 302
/message/3708/* /series/brave-64n3BGhCJUie8UgauWwuaY/leap 302
/message/3709/* /series/brave-64n3BGhCJUie8UgauWwuaY/brave 302
/message/3710/* /series/relationships-that-last/contract-vs-covenant 302
/message/3711/* /series/relationships-that-last/next-level-7KVQrBhZao6K4UiSUc0qgm 302
/message/3712/* /series/brave-64n3BGhCJUie8UgauWwuaY/baptism 302
/message/3713/* /series/relationships-that-last/parenting-florence 302
/message/3714/* /series/relationships-that-last/parenting-oakley 302
/message/3715/* /series/relationships-that-last/parenting-mason 302
/message/3716/* /series/relationships-that-last/the-friendship-covenant 302
/message/3717/* /series/relationships-that-last/the-marriage-covenant 302
/message/3718/* /series/why-movies-matter/braveheart 302
/message/3719/* /series/why-movies-matter/star-wars 302
/message/3720/* /series/why-movies-matter/next-level-june-oakley 302
/message/3721/* /series/why-movies-matter/next-level-june-florence 302
/message/3722/* /series/why-movies-matter/next-level-june-mason 302
/message/3723/* /series/why-movies-matter/avengers-captain-america 302
/message/3724/* /series/why-movies-matter/remember-the-titans 302
/message/3725/* /series/why-movies-matter/the-kings-speech 302
/message/3726/* /series/why-movies-matter/comedies 302
/message/3727/* /series/why-movies-matter/blood-diamond 302
/message/3728/* /series/why-movies-matter/lone-survivor 302
/message/3729/* /series/why-movies-matter/hunger-games 302
/message/3730/* /series/why-movies-matter/a-night-of-hope 302
/message/3731/* /series/why-movies-matter/unbroken 302
/message/3732/* /series/way-of-the-wise/what-is-wisdom 302
/message/3733/* /series/way-of-the-wise/the-wisdom-of-words 302
/message/3734/* /series/way-of-the-wise/wisdom-is-found-in-truth 302
/message/3735/* /series/way-of-the-wise/next-level 302
/message/3736/* /series/way-of-the-wise/wisdom-is-found-in-wealth 302
/message/3737/* /series/way-of-the-wise/wisdom-is-found-in-work 302
/message/3738/* /series/daddy-issues/there-s-a-better-dad 302
/message/3739/* /series/daddy-issues/forgive-your-old-dad 302
/message/3740/* /series/daddy-issues/meet-your-new-dad 302
/message/3741/* /series/daddy-issues/next-level-chuck 302
/message/3742/* /series/daddy-issues/next-level-greg 302
/message/3743/* /series/daddy-issues/next-level-mark 302
/message/3744/* /series/daddy-issues/receive-your-new-dad-s-gift 302
/message/3745/* /series/daddy-issues/work-with-your-new-dad 302
/message/3746/* /series/i-m-in/vision-weekend 302
/message/3747/* /series/daddy-issues/work-with-your-new-dad-mason 302
/message/3748/* /series/i-m-in/mission-BIj0kXqHMk4aW2w2cQOyK 302
/message/3749/* /series/i-m-in/fuel 302
/message/3750/* /series/i-m-in/team 302
/message/3751/* /series/i-m-in/streaming-mission-briefing 302
/message/3752/* /series/i-m-in/act 302
/message/3753/* /series/i-m-in/commit 302
/message/3755/* /series/awaited-behind-the-music/o-come-o-come-emmanuel 302
/message/3756/* /series/awaited-behind-the-music/o-holy-night 302
/message/3757/* /series/awaited-behind-the-music/silent-night 302
/message/3758/* /series/awaited-behind-the-music/we-three-kings 302
/message/3759/* /series/anything-is-possible/because-god-is-bigger-than-you-think 302
/message/3761/* /series/anything-is-possible/the-tension-between-grace-and-grit 302
/message/3762/* /series/anything-is-possible/when-we-pray 302
/message/3763/* /series/anything-is-possible/next-level-january 302
/message/3764/* /series/anything-is-possible/when-you-take-a-risk 302
/message/3765/* /series/super-bowl-of-preaching-2016/2016-super-bowl-of-preaching 302
/message/3766/* /series/death-to-religion/death-to-rules 302
/message/3767/* /series/death-to-religion/death-to-separation-long-live-unity 302
/message/3772/* /series/death-to-religion/death-to-pride-long-live-humility 302
/message/3773/* /series/death-to-religion/death-to-pride-long-live-humility 302
/message/3774/* /series/death-to-religion/death-to-pride-long-live-humility 302
/message/3775/* /series/death-to-religion/next-level-5Z5hR6gyFGaUCw20KYU8OA 302
/message/3776/* /series/death-to-religion/death-to-stagnation-long-live-movement 302
/message/3777/* /series/death-to-religion/death-to-drudgery-long-live-joy 302
/message/3778/* /series/i-m-in-update-20th-anniversary/i-m-in-update-20th-anniversary 302
/message/3779/* /series/next-level/next-level-march-2016 302
/message/3780/* /series/brave/you-were-made-for-bravery 302
/message/3781/* /series/brave/power 302
/message/3782/* /series/brave/storm-4Zi5FVbgZ26AcMS4YIuucG 302
/message/3783/* /series/brave/leap 302
/message/3784/* /series/brave/brave-life 302
/message/3785/* /series/next-level-16aTJQ6jbs40iuWoIKWoaC/next-level-3JSCXuR6hiUWUmKkcgKMGo 302
/message/3786/* /series/brave/brave-recap-and-celebration 302
/message/3788/* /series/life-hacks/food-hacks 302
/message/3789/* /series/life-hacks/hacking-attitude 302
/message/3790/* /series/life-hacks/money-hacks 302
/message/3791/* /series/life-hacks/sex-hacks 302
/message/3792/* /series/life-hacks/time-hacks 302
/message/3793/* /series/spark/brian-tome-5-marks-of-a-dad-catie-castleman-i-forgave-the-people-that-tried-to-kill-me 302
/message/3794/* /series/spark/matt-castleman-why-i-invited-1000-people-to-a-place-i-once-hated-alli-patterson-two-words-that-can-save-any-marriage 302
/message/3795/* /series/spark/latasha-patrick-why-my-daughter-will-fail-statistics-paco-pancham-how-a-suitcase-and-800-changed-my-life 302
/message/3796/* /series/we-stand-undivided/we-stand-undivided 302
/message/3800/* /series/spark/matt-welty-the-unparalleled-power-of-community-david-kinnaman-data-and-discovering-why-god-made-you 302
/message/3801/* /series/spark/brian-tome-you-can-t-say-that-in-church 302
/message/3802/* /series/spark/tim-schigel-we-are-drowing-in-information-but-starving-for-wisdom-chuck-mingo-the-soulcraft-of-technology 302
/message/3803/* /series/together/why-we-are-better-together 302
/message/3805/* /series/together/how-not-to-be-a-friend 302
/message/3806/* /series/mind-screw/the-death-of-fairness 302
/message/3807/* /series/mind-screw/mind-trap 302
/message/3808/* /series/together/how-to-be-together 302
/message/3809/* /series/together/a-new-picture-of-together 302
/message/3810/* /series/business-of-success/the-business-of-success 302
/message/3811/* /series/business-of-success/god-is-pro-business 302
/message/3812/* /series/business-of-success/the-innovator-god 302
/message/3814/* /series/business-of-success/know-your-role 302
/message/3817/* /series/business-of-success/the-legacy-of-success 302
/message/3818/* /series/real-encounters-with-god/find-relief 302
/message/3819/* /series/real-encounters-with-god/find-comfort 302
/message/3820/* /series/real-encounters-with-god/find-transformation 302
/message/3821/* /series/real-encounters-with-god/find-healing 302
/message/3822/* /series/real-encounters-with-god/find-freedom 302
/message/3823/* /series/i-m-in-campaign-update/i-m-in-update 302
/message/3824/* /series/finding-peace/making-peace-with-god 302
/message/3825/* /series/finding-peace/being-a-peacemaker 302
/message/3826/* /series/finding-peace/finding-peace-with-the-present 302
/message/3827/* /series/finding-peace/finding-peace-with-the-past-uptown 302
/message/3828/* /series/finding-peace/finding-peace-with-the-past-west-side 302
/message/3829/* /series/finding-peace/finding-peace-with-the-past-mason 302
/message/3830/* /series/finding-peace/finding-peace-with-the-past-florence 302
/message/3831/* /series/finding-peace/finding-peace-with-the-past 302
/message/3832/* /series/finding-peace/finding-peace-with-the-future 302
/message/3833/* /series/christmas-at-home/christmas-at-home 302
/message/3835/* /series/new-years-eve-2016/where-i-went-in-2016 302
/message/3836/* /series/resilient/coat-of-many-colors 302
/message/3837/* /series/resilient/potipher-wife 302
/message/3838/* /series/resilient/play-the-long-game 302
/message/3839/* /series/resilient/drop-the-baggage 302
/message/3840/* /series/super-bowl-of-preaching-4uLyAy7txKgW0U8uM20su2/super-bowl-of-preaching-2017 302
/message/3841/* /series/i-am___-journey/the-promise 302
/message/3842/* /series/i-am___-journey/the-struggle 302
/message/3843/* /series/i-am___-journey/the-encounter 302
/message/3845/* /series/i-am___-journey/the-answer 302
/message/3846/* /series/i-am___-journey/the-decision 302
/message/3847/* /series/i-am___-journey/the-team-6zIPryNFn2iYq8MIkugEc0 302
/message/3848/* /series/beyond/hearing-the-holy-spirit 302
/message/3849/* /series/beyond/following-the-holy-spirit 302
/message/3850/* /series/beyond/expectations-of-a-spirit-led-life 302
/message/3851/* /series/ignite/ignite 302
/message/3852/* /series/margin/the-importance-of-margin 302
/message/3853/* /series/margin/making-time-for-margin 302
/message/3854/* /series/margin/money-how-to-get-and-keep-some 302
/message/3855/* /series/compassion-weekend/compassion-weekend 302
/message/3856/* /series/fear-is-a-liar/the-enemy-brings-death-god-brings-life 302
/message/3857/* /series/fear-is-a-liar/does-he-care 302
/message/3858/* /series/fear-is-a-liar/what-are-you-afraid-of 302
/message/3859/* /series/fear-is-a-liar/your-god-is-too-small 302
/message/3860/* /series/spark-2017/natasia-malaihollo-and-brian-tome 302
/message/3861/* /series/spark-2017/julie-washington-kurt-platte-and-brian-wells 302
/message/3862/* /series/spark-2017/pam-frink-chuck-mingo-and-greg-boyd 302
/message/3863/* /series/spark-2017/matt-welty-and-jamie-simms 302
/message/3864/* /series/spark-2017/lewis-diaz-and-jo-saxton 302
/message/3865/* /series/spark-2017/steven-manuel-and-alli-patterson 302
/message/3866/* /series/spark-2017/micahn-carter-and-kyle-ranson 302
/message/3867/* /series/spark-2017/andy-lay-craig-dockery-and-paco 302
/message/3868/* /series/how-can-we-know-the-way/i-am-the-way 302
/message/3869/* /series/how-can-we-know-the-way/i-am-the-truth 302
/message/3870/* /series/how-can-we-know-the-way/i-am-the-life 302
/message/3871/* /series/thrive/follow-well-and-celebrate 302
/message/3872/* /series/thrive/forgiveness-honor-and-trust 302
/message/3873/* /series/thrive/commit-share-unplug 302
/message/3874/* /series/real-encounters-with-god-season-2/episode-1-training 302
/message/3875/* /series/real-encounters-with-god-season-2/episode-2-trust 302
/message/3876/* /series/real-encounters-with-god-season-2/episode-3-aggression 302
/message/3877/* /series/real-encounters-with-god-season-2/episode-4-repentance 302
/message/3878/* /series/real-encounters-with-god-season-2/episode-5-humility 302
/message/3879/* /series/heaven-hell-here/what-happens-when-you-die 302
/message/3880/* /series/heaven-hell-here/how-do-you-get-to-heaven 302
/message/3881/* /series/heaven-hell-here/what-is-hell 302
/message/3882/* /series/heaven-hell-here/how-to-live-for-future-glory 302
/message/3883/* /series/rediscover-the-wonder/say-no-to-good-things-for-the-sake-of-great-things 302
/message/3884/* /series/rediscover-the-wonder/christmas-is-strange 302
/message/3885/* /series/rediscover-the-wonder/the-wonder-of-giving 302
/message/3886/* /series/rediscover-the-wonder/peace-in-the-chaos 302
/message/3888/* /series/awaited/awaited 302
/message/3889/* /series/where-i-went-in-2017/where-i-went-in-2017 302
/message/3890/* /series/how-not-to-be-a-jerkface/1-we-re-all-jerkfaces 302
/message/3891/* /series/how-not-to-be-a-jerkface/2-empathy-is-essential-for-humanity 302
/message/3892/* /series/how-not-to-be-a-jerkface/3-peacemaker-not-peacekeeper 302
/message/3893/* /series/how-not-to-be-a-jerkface/4-be-a-good-neighbor 302
/message/3895/* /series/superbowl-of-preaching/2018-superbowl-of-preaching 302
/message/3896/* /series/obsessed/journey-ramp-up 302
/message/3897/* /series/obsessed/week-1-the-choice 302
/message/3898/* /series/obsessed/week-2-the-world 302
/message/3899/* /series/obsessed/week-3-the-church 302
/message/3900/* /series/obsessed/week-4-the-mission 302
/message/3901/* /series/obsessed/week-5-the-commitment 302
/message/3902/* /series/easter-2018/palm-sunday 302
/message/3903/* /series/easter-2018/easter-2018 302
/message/3904/* /series/the-bible/why-the-bible-week-1 302
/message/3905/* /series/the-bible/authority-the-bible-week-2 302
/message/3906/* /series/the-bible/eat-the-bible-the-bible-week-3 302
/message/3907/* /series/the-bible/two-questions-the-bible-week-4 302
/message/3908/* /series/power-house/what-makes-a-powerful-family-powerhouse-week-1 302
/message/3910/* /series/power-house/but-i-m-single-powerhouse-week-2 302
/message/3911/* /series/power-house/parenting-for-character-powerhouse-week-3 302
/message/3912/* /series/power-house/marriage-is-a-picture-of-god-powerhouse-week-4 302
/message/3913/* /series/spirit-realm/the-spirit-realm-is-real-spirit-realm-week-1 302
/message/3914/* /series/spirit-realm/designed-for-connection-spirit-realm-week-2 302
/message/3915/* /series/spirit-realm/access-to-power-spirit-realm-week-3 302
/message/3916/* /series/spirit-realm/not-needed-but-wanted-spirit-realm-week-4 302
/message/3917/* /series/spark-2018/week-1-how-do-we-think-about-depression 302
/message/454/* /series/where-i-went-in-97/where-i-went-in-97 302
/message /series 302
/message/* /series 302
/series/1/* /series/where-i-went-in-97 302
/series/10/* /series/what-are-you-running-from 302
/series/100/* /series/10th-anniversary 302
/series/103/* /series/da-vinci-dialogues 302
/series/105/* /series/hard-work 302
/series/106/* /series/hard-wired 302
/series/107/* /series/wisdom 302
/series/108/* /series/freedom 302
/series/109/* /series/the-joneses 302
/series/11/* /series/home-for-the-holidays-66Z5HFnZN6wgqyGuIyYkg8 302
/series/110/* /series/home-for-the-holidays 302
/series/111/* /series/morph 302
/series/112/* /series/kingdom 302
/series/113/* /series/ghost 302
/series/114/* /series/go-home 302
/series/115/* /series/fuel 302
/series/116/* /series/seek 302
/series/117/* /series/love-sex 302
/series/118/* /series/seasons 302
/series/119/* /series/context 302
/series/12/* /series/lessons-learned-from-christmas-classics 302
/series/120/* /series/hero 302
/series/122/* /series/the-drive 302
/series/124/* /series/consumed 302
/series/125/* /series/vision-night 302
/series/126/* /series/i-am 302
/series/127/* /series/riq 302
/series/128/* /series/pride 302
/series/129/* /series/one 302
/series/13/* /series/where-i-went-in-98 302
/series/130/* /series/rebuild 302
/series/131/* /series/core-strength 302
/series/132/* /series/last-wednesday-august 302
/series/133/* /series/unlock-ed 302
/series/134/* /series/next-level-greg-boyd 302
/series/135/* /series/gimme-gimme 302
/series/136/* /series/we-wish-you-a-messy-christmas 302
/series/138/* /series/lost-books 302
/series/139/* /series/reset 302
/series/14/* /series/the-power-of-money 302
/series/140/* /series/filled 302
/series/141/* /series/roadmap-for-a-revolution 302
/series/142/* /series/we-love-cincinnati 302
/series/143/* /series/inside-out 302
/series/144/* /series/commitment 302
/series/145/* /series/the-garden 302
/series/146/* /series/typecast 302
/series/147/* /series/redemption 302
/series/148/* /series/next 302
/series/149/* /series/manly 302
/series/15/* /series/surviving-success 302
/series/152/* /series/free 302
/series/153/* /series/force-feed 302
/series/156/* /series/lavish 302
/series/157/* /series/house-work 302
/series/158/* /series/kingdom-come 302
/series/159/* /series/the-faithful 302
/series/16/* /series/from-here-to-eternity 302
/series/160/* /series/play 302
/series/161/* /series/game-change 302
/series/162/* /series/the-365-days-of-christmas 302
/series/163/* /series/grow-up 302
/series/164/* /series/super-bowl-of-preaching 302
/series/165/* /series/heavy-weights 302
/series/166/* /series/the-story 302
/series/167/* /series/the-guide 302
/series/168/* /series/jesus-the-greatest-show-on-earth 302
/series/169/* /series/collide 302
/series/17/* /series/cliff-notes-for-real-life 302
/series/170/* /series/everyday-friends 302
/series/171/* /series/the-strong-challenge 302
/series/172/* /series/rsvp 302
/series/173/* /series/reflect-on-2011 302
/series/174/* /series/big-bad-wolf 302
/series/175/* /series/10th-annual-super-bowl-of-preaching 302
/series/176/* /series/a-place-at-the-table 302
/series/177/* /series/game-changers 302
/series/178/* /series/james-a-putting-your-faith-to-work 302
/series/179/* /series/the-backyard-gospel 302
/series/18/* /series/dead-man-walking 302
/series/180/* /series/the-good-life 302
/series/181/* /series/how-to-love-your-job 302
/series/182/* /series/knock-off 302
/series/183/* /series/a-journey-home 302
/series/184/* /series/the-awaited-son 302
/series/185/* /series/saints-scoundrels 302
/series/186/* /series/2013-super-bowl-of-preaching 302
/series/187/* /series/follow-the-leader 302
/series/188/* /series/roi 302
/series/189/* /series/last-wednesday-25cvDgcz6YWUGYkCUcqEsQ 302
/series/19/* /series/becoming-a-person-of-integrity 302
/series/190/* /series/last-wednesday 302
/series/191/* /series/rhythm 302
/series/192/* /series/goodsex 302
/series/193/* /series/how-to-build-people 302
/series/194/* /series/god-is-____ 302
/series/195/* /series/go-forth 302
/series/196/* /series/culture 302
/series/198/* /series/kingdom-come-6b2ZrSEO4MuIosU0i8yuuE 302
/series/199/* /series/the-gift-of-freedom 302
/series/2/* /series/dollars-sense-and-sensibility 302
/series/20/* /series/mother-s-day-1999 302
/series/200/* /series/power-to-change 302
/series/202/* /series/super-bowl-of-preaching-xii 302
/series/203/* /series/heavyweights-2 302
/series/204/* /series/how-to-change-the-world 302
/series/205/* /series/the-new-man 302
/series/206/* /series/meaning 302
/series/207/* /series/wonders 302
/series/208/* /series/like-a-boss 302
/series/209/* /series/next-11CRXFfdNwiwq2AukQESOi 302
/series/21/* /series/boundaries 302
/series/210/* /series/we-are 302
/series/211/* /series/awaited-behind-the-scenes 302
/series/212/* /series/a-bright-future 302
/series/213/* /series/wolf-pack 302
/series/214/* /series/brave-64n3BGhCJUie8UgauWwuaY 302
/series/215/* /series/relationships-that-last 302
/series/216/* /series/why-movies-matter 302
/series/217/* /series/way-of-the-wise 302
/series/218/* /series/daddy-issues 302
/series/219/* /series/i-m-in 302
/series/22/* /series/talking-to-god 302
/series/223/* /series/awaited-behind-the-music 302
/series/224/* /series/anything-is-possible 302
/series/227/* /series/super-bowl-of-preaching-2016 302
/series/228/* /series/death-to-religion 302
/series/229/* /series/i-m-in-update-20th-anniversary 302
/series/23/* /series/loving-mondays 302
/series/230/* /series/next-level 302
/series/231/* /series/brave 302
/series/232/* /series/next-level-16aTJQ6jbs40iuWoIKWoaC 302
/series/233/* /series/life-hacks 302
/series/234/* /series/spark 302
/series/235/* /series/we-stand-undivided 302
/series/236/* /series/together 302
/series/237/* /series/business-of-success 302
/series/238/* /series/real-encounters-with-god 302
/series/239/* /series/i-m-in-campaign-update 302
/series/24/* /series/a-real-home-for-real-people-2tFBSHxKew6aGkMqqGcw2u 302
/series/240/* /series/finding-peace 302
/series/241/* /series/christmas-at-home 302
/series/243/* /series/resilient 302
/series/244/* /series/new-years-eve-2016 302
/series/245/* /series/super-bowl-of-preaching-4uLyAy7txKgW0U8uM20su2 302
/series/246/* /series/i-am___-journey 302
/series/247/* /series/beyond 302
/series/248/* /series/ignite 302
/series/249/* /series/margin 302
/series/25/* /series/beyond-mars-and-venus 302
/series/250/* /series/compassion-weekend 302
/series/251/* /series/fear-is-a-liar 302
/series/252/* /series/spark-2017 302
/series/253/* /series/how-can-we-know-the-way 302
/series/255/* /series/thrive 302
/series/256/* /series/real-encounters-with-god-season-2 302
/series/257/* /series/heaven-hell-here 302
/series/258/* /series/rediscover-the-wonder 302
/series/259/* /series/awaited 302
/series/26/* /series/the-heart-of-the-matter 302
/series/260/* /series/where-i-went-in-2017 302
/series/261/* /series/how-not-to-be-a-jerkface 302
/series/262/* /series/superbowl-of-preaching 302
/series/263/* /series/obsessed 302
/series/264/* /series/easter-2018 302
/series/265/* /series/the-bible 302
/series/269/* /series/power-house 302
/series/27/* /series/a-real-home-for-real-people 302
/series/270/* /series/spirit-realm 302
/series/271/* /series/spark-2018 302
/series/28/* /series/a-real-home-for-real-people-6kdMZE3fDqwMIwwmaIESue 302
/series/29/* /series/doing-life-together 302
/series/3/* /series/the-jagged-edge 302
/series/30/* /series/bouncing-back 302
/series/31/* /series/making-life-work 302
/series/32/* /series/bad-boyz-of-the-bible 302
/series/33/* /series/home-for-the-holidays-5Ko14AaeDmmquCSuu8OmC0 302
/series/34/* /series/where-i-went-in-2000-that-i-won-t-go-again 302
/series/35/* /series/millennium-makeover 302
/series/36/* /series/three-lies-we-believe 302
/series/37/* /series/trust-me 302
/series/38/* /series/close-encounters 302
/series/39/* /series/god-loves 302
/series/4/* /series/life-for-dummies 302
/series/40/* /series/the-art-of-forgiveness 302
/series/41/* /series/counter-cultural 302
/series/42/* /series/maximum-impact 302
/series/43/* /series/what-god-would-say-to-america 302
/series/44/* /series/maximum-impact-3D0MBRw1B6qmwIAU0M8yeg 302
/series/45/* /series/packing-up 302
/series/46/* /series/unpacking 302
/series/47/* /series/all-i-want-for-christmas-is 302
/series/48/* /series/new-year-new-me 302
/series/49/* /series/stuff-jesus-made-up 302
/series/5/* /series/in-search-of 302
/series/50/* /series/the-clue-phone-is-ringing 302
/series/51/* /series/easter 302
/series/52/* /series/handle-with-care 302
/series/53/* /series/icons 302
/series/54/* /series/the-big-picture 302
/series/55/* /series/the-day-crossroads-told-the-truth 302
/series/56/* /series/house-of-hypocrites 302
/series/57/* /series/living-out-loud 302
/series/58/* /series/the-art-of-growth 302
/series/59/* /series/do-it-yourself 302
/series/6/* /series/room-to-breathe-1djSaaaC5EcoaAImYs0iae 302
/series/60/* /series/got-christmas 302
/series/61/* /series/the-space-between 302
/series/62/* /series/everyday-enron 302
/series/63/* /series/go-ahead-and-ask 302
/series/64/* /series/easter-5VAf9Ytqvem2w0egsqOeww 302
/series/65/* /series/the-matrix-revealed 302
/series/66/* /series/supermodels 302
/series/67/* /series/letter-from-a-revolutionary 302
/series/68/* /series/dangerous-conversations 302
/series/7/* /series/god-s-top-10 302
/series/70/* /series/fear-factor 302
/series/72/* /series/public-enemy 302
/series/74/* /series/crazy-church 302
/series/75/* /series/the-not-so-big-christmas 302
/series/76/* /series/the-dna-of-change 302
/series/77/* /series/super-bowl 302
/series/78/* /series/symbols 302
/series/79/* /series/the-new-new-thing 302
/series/8/* /series/the-character-of-christ 302
/series/80/* /series/going-crazy 302
/series/81/* /series/the-one-about-coffee 302
/series/82/* /series/virus 302
/series/83/* /series/life-the-universe-and-everything 302
/series/84/* /series/united-states-of-addiction 302
/series/85/* /series/csi 302
/series/86/* /series/christmas-stories 302
/series/87/* /series/revolution 302
/series/88/* /series/the-game 302
/series/89/* /series/the-life 302
/series/9/* /series/building-the-life-you-ve-always-wanted 302
/series/90/* /series/fresh-breath 302
/series/91/* /series/mind-screw 302
/series/92/* /series/special-effects 302
/series/93/* /series/elements 302
/series/94/* /series/sex-what-s-the-big-deal 302
/series/95/* /series/room-to-breathe 302
/series/96/* /series/death-of-religion 302
/series/97/* /series/an-unexpected-interruption-of-scandalous-love 302
/series/98/* /series/full-contact-life 302
/series/99/* /series/id 302
/series/* /series 302
/videos/tags  /videos 302
/*  /404/index.html 404
